<?xml version="1.0" encoding="UTF-8"?>
<teamcity-plugin xmlns:xsi="http://www.w3.org/2001/XMLSchema-instance" xsi:noNamespaceSchemaLocation="urn:schemas-jetbrains-com:teamcity-plugin-v1-xml">
  <info>
    <name>pushPodspecRunnerPlugin</name>
    <display-name>Push Podspec Runner</display-name>
    <version>snapshot-20160606140028</version>
    <description>Plugin to push podspecs to a CocoaPods Repository.</description>
    <download-url>https://github.com/coridn/TeamCity.Plugins</download-url>
    <email>Plugin author e-mail</email>
    <vendor>
      <name>David Ridner</name>
      <url>https://github.com/coridn/TeamCity.Plugins</url>
      <logo>Plugin vendor logo URL</logo>
    </vendor>
  </info>
  <deployment use-separate-classloader="true" />
</teamcity-plugin>
